Feature,Importance
Pregnancies,0.34925804780287645
Insulin,0.16498412621731015
Age,0.11915515696729988
SkinThickness,0.09704678099908084
DiabetesPedigreeFunction,0.0853266901444411
BloodPressure,0.07445095684973928
BMI,0.0696237505299674
Glucose,0.04015449048928499
